profile,actor,DPS,increase,
composite,C_385_inmates_straight_robe_DitB_HMC,13024,10.21%,
composite,C_385_inmates_straight_robe_DitB_OMW,12931,9.42%,
composite,C_385_robes_of_the_reborn_serpent_TB_BS,12923,9.36%,
composite,H_385_grasping_crown_of_the_deep_DitB_BS,12923,9.36%,
composite,H_385_visage_of_the_ascended_prophet_LM_EW,12911,9.26%,
composite,H_385_soulfuel_headdress_BI_AG,12850,8.74%,
composite,H_385_stormlurkers_cowl_TS_OP,12849,8.74%,
composite,C_385_loa_betrayers_vestments_RF_HMC,12848,8.72%,
composite,C_385_raiders_shrouding_thobe_SS_GR,12827,8.55%,
composite,S_385_amice_of_corrupting_horror_LM_EL,12807,8.37%,
composite,H_385_headdress_of_the_first_empire_RF_EL,12780,8.15%,
composite,H_385_horrific_amalgams_hood_DT_HMC,12774,8.10%,
composite,C_370_inmates_straight_robe_DitB_HMC,12771,8.07%,
composite,C_385_blood_drenched_robes_FT_GR,12767,8.04%,
composite,C_385_loa_betrayers_vestments_RF_OMW,12755,7.94%,
composite,S_385_amice_of_the_rending_abyss_TS_HMC,12752,7.91%,
composite,H_385_stormlurkers_cowl_TS_OMW,12751,7.90%,
composite,C_385_blood_drenched_robes_DT_GR,12750,7.90%,
composite,H_385_matriarchs_shadowveil_RF_BS,12747,7.87%,
composite,C_385_petticoat_of_the_self_stylized_azerite_baron_UC_UF,12742,7.83%,
composite,C_385_robes_of_the_unraveler_AotT_OP,12719,7.63%,
composite,H_385_smartly_plumed_cap_MS_AG,12716,7.61%,
composite,H_385_horrific_amalgams_hood_AotT_HMC,12710,7.56%,
composite,C_370_inmates_straight_robe_DitB_OMW,12699,7.47%,
composite,C_370_robes_of_the_reborn_serpent_TB_BS,12691,7.39%,
composite,S_385_brood_cleansers_amice_SS_EL,12689,7.38%,
composite,H_370_grasping_crown_of_the_deep_DitB_BS,12688,7.37%,
composite,H_385_secret_spinners_miter_ItP_OP,12684,7.34%,
composite,H_370_visage_of_the_ascended_prophet_LM_EW,12678,7.29%,
composite,H_385_grasping_crown_of_the_deep_DT_BS,12677,7.28%,
composite,S_385_exquisitely_aerodynamic_shoulderpads_UC_GR,12676,7.27%,
composite,S_385_mantle_of_void_touched_waters_SotD_HMC,12660,7.13%,
composite,H_370_soulfuel_headdress_BI_AG,12646,7.02%,
composite,C_385_ruffled_poet_blouse_TW_EW,12638,6.95%,
composite,S_385_amice_of_the_returned_DT_UF,12632,6.90%,
composite,C_385_raiders_shrouding_thobe_SA_GR,12627,6.85%,
composite,H_370_stormlurkers_cowl_TS_OP,12626,6.85%,
composite,C_370_raiders_shrouding_thobe_SS_GR,12624,6.83%,
composite,C_370_loa_betrayers_vestments_RF_HMC,12615,6.75%,
composite,C_385_petticoat_of_the_self_stylized_azerite_baron_SA_UF,12612,6.73%,
composite,S_385_exquisitely_aerodynamic_shoulderpads_UC_OMW,12606,6.67%,
composite,S_370_amice_of_corrupting_horror_LM_EL,12605,6.67%,
composite,C_385_ruffled_poet_blouse_TW_OMW,12597,6.60%,
composite,C_385_ruffled_poet_blouse_SA_EW,12590,6.54%,
composite,C_385_robes_of_the_unraveler_CoI_OP,12583,6.48%,
composite,C_385_loa_betrayers_vestments_CoI_HMC,12572,6.39%,
composite,S_385_mantle_of_contained_corruption_AotT_UF,12566,6.34%,
composite,H_385_secret_spinners_miter_TH_OP,12565,6.33%,
composite,H_385_stormlurkers_cowl_TH_OP,12565,6.33%,
composite,C_355_inmates_straight_robe_DitB_HMC,12558,6.27%,
composite,H_370_headdress_of_the_first_empire_RF_EL,12557,6.27%,
composite,C_385_ruffled_poet_blouse_SA_OMW,12555,6.24%,
composite,H_370_horrific_amalgams_hood_DT_HMC,12554,6.24%,
composite,S_370_amice_of_the_rending_abyss_TS_HMC,12554,6.23%,
composite,S_385_pauldrons_of_vile_corruption_BR_UF,12553,6.23%,
composite,C_370_blood_drenched_robes_FT_GR,12548,6.18%,
composite,C_370_loa_betrayers_vestments_RF_OMW,12542,6.14%,
composite,C_370_petticoat_of_the_self_stylized_azerite_baron_UC_UF,12539,6.11%,
composite,H_370_stormlurkers_cowl_TS_OMW,12538,6.10%,
composite,H_370_matriarchs_shadowveil_RF_BS,12537,6.09%,
composite,C_370_blood_drenched_robes_DT_GR,12533,6.06%,
composite,S_370_brood_cleansers_amice_SS_EL,12528,6.02%,
composite,C_370_robes_of_the_unraveler_AotT_OP,12528,6.02%,
composite,H_370_smartly_plumed_cap_MS_AG,12523,5.98%,
composite,S_385_amice_of_the_returned_RB_UF,12519,5.94%,
composite,S_385_mantle_of_ceremonial_ascension_ItP_EW,12518,5.93%,
composite,S_385_mantle_of_contained_corruption_SA_UF,12517,5.93%,
composite,S_385_pauldrons_of_vile_corruption_SA_UF,12515,5.91%,
composite,H_385_soulfuel_headdress_CoI_AG,12514,5.90%,
composite,C_385_inmates_straight_robe_WotD_HMC,12513,5.89%,
composite,H_370_horrific_amalgams_hood_AotT_HMC,12511,5.87%,
composite,H_385_visage_of_the_ascended_prophet_TH_EW,12504,5.81%,
composite,H_370_secret_spinners_miter_ItP_OP,12501,5.79%,
composite,H_385_headdress_of_the_first_empire_TH_EL,12499,5.78%,
composite,C_355_inmates_straight_robe_DitB_OMW,12499,5.77%,
composite,C_355_robes_of_the_reborn_serpent_TB_BS,12492,5.71%,
composite,S_370_exquisitely_aerodynamic_shoulderpads_UC_GR,12490,5.70%,
composite,H_355_grasping_crown_of_the_deep_DitB_BS,12489,5.69%,
composite,H_355_visage_of_the_ascended_prophet_LM_EW,12484,5.65%,
composite,H_370_grasping_crown_of_the_deep_DT_BS,12479,5.60%,
composite,S_370_mantle_of_void_touched_waters_SotD_HMC,12477,5.59%,
composite,H_355_soulfuel_headdress_BI_AG,12474,5.56%,
composite,C_385_loa_betrayers_vestments_CoI_OMW,12471,5.54%,
composite,H_385_stormlurkers_cowl_TH_OMW,12470,5.53%,
composite,H_385_matriarchs_shadowveil_TH_BS,12464,5.48%,
composite,S_370_amice_of_the_returned_DT_UF,12463,5.46%,
composite,C_370_ruffled_poet_blouse_TW_EW,12458,5.43%,
composite,C_355_raiders_shrouding_thobe_SS_GR,12449,5.35%,
composite,H_355_stormlurkers_cowl_TS_OP,12445,5.32%,
composite,S_370_exquisitely_aerodynamic_shoulderpads_UC_OMW,12440,5.27%,
composite,S_355_amice_of_corrupting_horror_LM_EL,12433,5.21%,
composite,C_370_ruffled_poet_blouse_TW_OMW,12426,5.15%,
composite,C_370_raiders_shrouding_thobe_SA_GR,12425,5.14%,
composite,C_355_loa_betrayers_vestments_RF_HMC,12422,5.12%,
composite,S_370_mantle_of_contained_corruption_AotT_UF,12420,5.11%,
composite,C_370_petticoat_of_the_self_stylized_azerite_baron_SA_UF,12420,5.10%,
composite,S_385_mantle_of_void_touched_waters_WotD_HMC,12419,5.10%,
composite,C_385_inmates_straight_robe_WotD_OMW,12419,5.09%,
composite,S_370_pauldrons_of_vile_corruption_BR_UF,12416,5.07%,
composite,S_385_mantle_of_ceremonial_ascension_CoI_EW,12416,5.07%,
composite,C_385_robes_of_the_reborn_serpent_WotD_BS,12412,5.04%,
composite,C_370_robes_of_the_unraveler_CoI_OP,12406,4.98%,
composite,C_370_ruffled_poet_blouse_SA_EW,12405,4.97%,
composite,S_355_amice_of_the_rending_abyss_TS_HMC,12392,4.87%,
composite,C_370_loa_betrayers_vestments_CoI_HMC,12389,4.84%,
composite,S_355_brood_cleansers_amice_SS_EL,12389,4.84%,
composite,H_370_secret_spinners_miter_TH_OP,12381,4.77%,
composite,H_370_stormlurkers_cowl_TH_OP,12380,4.77%,
composite,S_370_mantle_of_ceremonial_ascension_ItP_EW,12380,4.76%,
composite,C_370_ruffled_poet_blouse_SA_OMW,12373,4.70%,
composite,H_355_horrific_amalgams_hood_DT_HMC,12369,4.67%,
composite,H_355_headdress_of_the_first_empire_RF_EL,12368,4.66%,
composite,C_340_inmates_straight_robe_DitB_HMC,12365,4.64%,
composite,S_370_amice_of_the_returned_RB_UF,12365,4.64%,
composite,C_355_robes_of_the_unraveler_AotT_OP,12364,4.63%,
composite,C_355_loa_betrayers_vestments_RF_OMW,12363,4.62%,
composite,S_370_mantle_of_contained_corruption_SA_UF,12362,4.61%,
composite,H_355_stormlurkers_cowl_TS_OMW,12361,4.61%,
composite,C_355_blood_drenched_robes_FT_GR,12360,4.60%,
composite,S_370_pauldrons_of_vile_corruption_SA_UF,12359,4.59%,
composite,H_355_smartly_plumed_cap_MS_AG,12359,4.59%,
composite,C_355_petticoat_of_the_self_stylized_azerite_baron_UC_UF,12359,4.59%,
composite,H_355_matriarchs_shadowveil_RF_BS,12358,4.58%,
composite,S_385_amice_of_corrupting_horror_WotD_EL,12353,4.53%,
composite,C_355_blood_drenched_robes_DT_GR,12349,4.50%,
composite,H_355_secret_spinners_miter_ItP_OP,12346,4.48%,
composite,H_355_azerothian_champions_crown_CoA,12341,4.44%,
composite,H_370_soulfuel_headdress_CoI_AG,12339,4.42%,
composite,H_355_horrific_amalgams_hood_AotT_HMC,12338,4.41%,
composite,H_385_smartly_plumed_cap_SD_AG,12336,4.39%,
composite,S_355_exquisitely_aerodynamic_shoulderpads_UC_GR,12336,4.39%,
composite,H_370_visage_of_the_ascended_prophet_TH_EW,12329,4.33%,
composite,C_370_inmates_straight_robe_WotD_HMC,12327,4.31%,
composite,S_355_mantle_of_void_touched_waters_SotD_HMC,12322,4.27%,
composite,H_340_soulfuel_headdress_BI_AG,12318,4.24%,
composite,C_340_inmates_straight_robe_DitB_OMW,12317,4.23%,
composite,S_355_amice_of_the_returned_DT_UF,12316,4.23%,
composite,C_340_robes_of_the_reborn_serpent_TB_BS,12314,4.21%,
composite,C_370_loa_betrayers_vestments_CoI_OMW,12313,4.20%,
composite,H_370_headdress_of_the_first_empire_TH_EL,12312,4.19%,
composite,H_340_grasping_crown_of_the_deep_DitB_BS,12310,4.17%,
composite,C_355_ruffled_poet_blouse_TW_EW,12305,4.13%,
composite,H_355_grasping_crown_of_the_deep_DT_BS,12305,4.13%,
composite,S_385_amice_of_the_rending_abyss_SD_HMC,12303,4.11%,
composite,H_370_stormlurkers_cowl_TH_OMW,12295,4.05%,
composite,H_370_matriarchs_shadowveil_TH_BS,12293,4.03%,
composite,S_355_pauldrons_of_vile_corruption_BR_UF,12292,4.02%,
composite,S_355_exquisitely_aerodynamic_shoulderpads_UC_OMW,12291,4.01%,
composite,S_370_mantle_of_ceremonial_ascension_CoI_EW,12286,3.97%,
composite,S_355_mantle_of_contained_corruption_AotT_UF,12286,3.97%,
composite,S_385_exquisitely_aerodynamic_shoulderpads_SD_GR,12280,3.92%,
composite,H_340_az3_r1_t3_synthetic_specs_RNG_OP,12279,3.91%,
composite,C_355_ruffled_poet_blouse_TW_OMW,12274,3.87%,
composite,S_370_mantle_of_void_touched_waters_WotD_HMC,12271,3.85%,
composite,H_340_stormlurkers_cowl_TS_OP,12270,3.83%,
composite,S_340_brood_cleansers_amice_SS_EL,12265,3.79%,
composite,S_355_mantle_of_ceremonial_ascension_ItP_EW,12260,3.75%,
composite,C_355_robes_of_the_unraveler_CoI_OP,12258,3.74%,
composite,C_355_petticoat_of_the_self_stylized_azerite_baron_SA_UF,12257,3.73%,
composite,C_355_raiders_shrouding_thobe_SA_GR,12254,3.70%,
composite,C_370_inmates_straight_robe_WotD_OMW,12251,3.67%,
composite,C_370_robes_of_the_reborn_serpent_WotD_BS,12249,3.65%,
composite,C_340_loa_betrayers_vestments_RF_HMC,12249,3.65%,
composite,C_355_ruffled_poet_blouse_SA_EW,12246,3.63%,
composite,H_340_az3_r1_t3_synthetic_specs_SSC_OP,12243,3.60%,
composite,S_385_brood_cleansers_amice_SD_EL,12235,3.54%,
composite,S_355_amice_of_the_returned_RB_UF,12232,3.51%,
composite,S_355_mantle_of_contained_corruption_SA_UF,12230,3.50%,
composite,C_355_loa_betrayers_vestments_CoI_HMC,12230,3.50%,
composite,H_355_secret_spinners_miter_TH_OP,12229,3.49%,
composite,H_355_stormlurkers_cowl_TH_OP,12229,3.49%,
composite,S_355_pauldrons_of_vile_corruption_SA_UF,12226,3.46%,
composite,H_340_smartly_plumed_cap_MS_AG,12213,3.35%,
composite,H_340_az3_r1_t3_synthetic_specs_BoMB_OP,12212,3.34%,
composite,S_370_amice_of_corrupting_horror_WotD_EL,12211,3.33%,
composite,H_355_azerothian_champions_crown_DT,12210,3.32%,
composite,C_355_ruffled_poet_blouse_SA_OMW,12209,3.32%,
composite,S_385_exquisitely_aerodynamic_shoulderpads_SD_OMW,12205,3.28%,
composite,H_340_headdress_of_the_first_empire_RF_EL,12204,3.28%,
composite,C_340_loa_betrayers_vestments_RF_OMW,12202,3.26%,
composite,C_340_petticoat_of_the_self_stylized_azerite_baron_UC_UF,12201,3.25%,
composite,H_340_secret_spinners_miter_ItP_OP,12201,3.25%,
composite,H_340_stormlurkers_cowl_TS_OMW,12200,3.24%,
composite,S_340_exquisitely_aerodynamic_shoulderpads_UC_GR,12197,3.22%,
composite,C_340_blood_drenched_robes_FT_GR,12193,3.18%,
composite,S_340_amice_of_the_returned_DT_UF,12190,3.16%,
composite,C_340_blood_drenched_robes_DT_GR,12186,3.13%,
composite,S_340_mantle_of_void_touched_waters_SotD_HMC,12186,3.12%,
composite,H_355_soulfuel_headdress_CoI_AG,12185,3.12%,
composite,S_340_pauldrons_of_vile_corruption_BR_UF,12180,3.07%,
composite,H_370_smartly_plumed_cap_SD_AG,12178,3.06%,
composite,H_355_visage_of_the_ascended_prophet_TH_EW,12175,3.03%,
composite,C_355_inmates_straight_robe_WotD_HMC,12171,3.00%,
composite,C_340_ruffled_poet_blouse_TW_EW,12170,2.99%,
composite,S_355_mantle_of_ceremonial_ascension_CoI_EW,12170,2.99%,
composite,S_370_amice_of_the_rending_abyss_SD_HMC,12169,2.98%,
composite,C_355_loa_betrayers_vestments_CoI_OMW,12168,2.97%,
composite,S_340_exquisitely_aerodynamic_shoulderpads_UC_OMW,12165,2.94%,
composite,H_355_headdress_of_the_first_empire_TH_EL,12154,2.85%,
composite,S_340_mantle_of_ceremonial_ascension_ItP_EW,12153,2.85%,
composite,H_340_grasping_crown_of_the_deep_DT_BS,12153,2.84%,
composite,S_370_exquisitely_aerodynamic_shoulderpads_SD_GR,12149,2.81%,
composite,H_355_stormlurkers_cowl_TH_OMW,12148,2.81%,
composite,H_355_matriarchs_shadowveil_TH_BS,12143,2.76%,
composite,S_355_mantle_of_void_touched_waters_WotD_HMC,12142,2.75%,
composite,C_340_ruffled_poet_blouse_TW_OMW,12141,2.74%,
composite,H_340_az3_r1_t3_synthetic_specs_RIP_OP,12119,2.55%,
composite,S_340_pauldrons_of_vile_corruption_SA_UF,12113,2.50%,
composite,C_340_petticoat_of_the_self_stylized_azerite_baron_SA_UF,12112,2.50%,
composite,S_340_amice_of_the_returned_RB_UF,12112,2.50%,
composite,S_370_brood_cleansers_amice_SD_EL,12109,2.48%,
composite,C_355_inmates_straight_robe_WotD_OMW,12107,2.45%,
composite,C_355_robes_of_the_reborn_serpent_WotD_BS,12106,2.45%,
composite,C_340_ruffled_poet_blouse_SA_EW,12102,2.42%,
composite,S_370_exquisitely_aerodynamic_shoulderpads_SD_OMW,12092,2.32%,
composite,C_340_loa_betrayers_vestments_CoI_HMC,12090,2.31%,
composite,S_355_amice_of_corrupting_horror_WotD_EL,12089,2.31%,
composite,H_340_secret_spinners_miter_TH_OP,12089,2.30%,
composite,H_340_stormlurkers_cowl_TH_OP,12087,2.29%,
composite,C_340_ruffled_poet_blouse_SA_OMW,12073,2.17%,
composite,S_340_mantle_of_ceremonial_ascension_CoI_EW,12072,2.15%,
composite,H_340_soulfuel_headdress_CoI_AG,12053,2.00%,
composite,S_355_amice_of_the_rending_abyss_SD_HMC,12053,2.00%,
composite,C_340_loa_betrayers_vestments_CoI_OMW,12042,1.90%,
composite,H_355_smartly_plumed_cap_SD_AG,12038,1.87%,
composite,S_355_exquisitely_aerodynamic_shoulderpads_SD_GR,12033,1.83%,
composite,C_340_inmates_straight_robe_WotD_HMC,12028,1.79%,
composite,S_340_mantle_of_void_touched_waters_WotD_HMC,12027,1.78%,
composite,H_340_headdress_of_the_first_empire_TH_EL,12019,1.71%,
composite,H_340_stormlurkers_cowl_TH_OMW,12017,1.70%,
composite,S_355_brood_cleansers_amice_SD_EL,12000,1.55%,
composite,S_355_exquisitely_aerodynamic_shoulderpads_SD_OMW,11993,1.49%,
composite,C_340_inmates_straight_robe_WotD_OMW,11981,1.39%,
composite,C_340_robes_of_the_reborn_serpent_WotD_BS,11977,1.36%,
composite,S_340_exquisitely_aerodynamic_shoulderpads_SD_GR,11934,0.99%,
composite,H_340_smartly_plumed_cap_SD_AG,11918,0.85%,
composite,S_340_brood_cleansers_amice_SD_EL,11909,0.78%,
composite,S_340_exquisitely_aerodynamic_shoulderpads_SD_OMW,11906,0.75%,
composite,Base,11817,0.00%,
single_target,C_385_inmates_straight_robe_DitB_HMC,12470,10.44%,
single_target,C_385_inmates_straight_robe_DitB_OMW,12383,9.67%,
single_target,C_385_robes_of_the_reborn_serpent_TB_BS,12376,9.61%,
single_target,H_385_grasping_crown_of_the_deep_DitB_BS,12375,9.60%,
single_target,H_385_visage_of_the_ascended_prophet_LM_EW,12360,9.47%,
single_target,C_385_loa_betrayers_vestments_RF_HMC,12295,8.90%,
single_target,H_385_stormlurkers_cowl_TS_OP,12291,8.86%,
single_target,S_385_amice_of_corrupting_horror_LM_EL,12260,8.58%,
single_target,H_385_soulfuel_headdress_BI_AG,12249,8.48%,
single_target,C_385_raiders_shrouding_thobe_SS_GR,12243,8.43%,
single_target,H_385_headdress_of_the_first_empire_RF_EL,12230,8.32%,
single_target,C_370_inmates_straight_robe_DitB_HMC,12228,8.30%,
single_target,C_385_blood_drenched_robes_FT_GR,12217,8.20%,
single_target,C_385_loa_betrayers_vestments_RF_OMW,12208,8.12%,
single_target,S_385_amice_of_the_rending_abyss_TS_HMC,12204,8.09%,
single_target,H_385_stormlurkers_cowl_TS_OMW,12204,8.08%,
single_target,H_385_matriarchs_shadowveil_RF_BS,12200,8.05%,
single_target,C_385_petticoat_of_the_self_stylized_azerite_baron_UC_UF,12168,7.77%,
single_target,H_385_horrific_amalgams_hood_DT_HMC,12163,7.72%,
single_target,C_370_inmates_straight_robe_DitB_OMW,12161,7.70%,
single_target,C_370_robes_of_the_reborn_serpent_TB_BS,12150,7.61%,
single_target,H_370_grasping_crown_of_the_deep_DitB_BS,12147,7.58%,
single_target,C_385_blood_drenched_robes_DT_GR,12147,7.58%,
single_target,C_385_robes_of_the_unraveler_AotT_OP,12147,7.58%,
single_target,H_385_horrific_amalgams_hood_AotT_HMC,12140,7.52%,
single_target,H_370_visage_of_the_ascended_prophet_LM_EW,12132,7.45%,
single_target,H_385_smartly_plumed_cap_MS_AG,12127,7.40%,
single_target,S_385_exquisitely_aerodynamic_shoulderpads_UC_GR,12114,7.29%,
single_target,H_385_secret_spinners_miter_ItP_OP,12113,7.28%,
single_target,S_385_brood_cleansers_amice_SS_EL,12111,7.26%,
single_target,S_385_mantle_of_void_touched_waters_SotD_HMC,12097,7.14%,
single_target,H_370_stormlurkers_cowl_TS_OP,12075,6.95%,
single_target,C_385_ruffled_poet_blouse_TW_EW,12073,6.93%,
single_target,C_370_loa_betrayers_vestments_RF_HMC,12073,6.92%,
single_target,H_385_grasping_crown_of_the_deep_DT_BS,12071,6.91%,
single_target,S_370_amice_of_corrupting_horror_LM_EL,12064,6.85%,
single_target,H_370_soulfuel_headdress_BI_AG,12056,6.77%,
single_target,C_370_raiders_shrouding_thobe_SS_GR,12053,6.75%,
single_target,C_385_raiders_shrouding_thobe_SA_GR,12048,6.70%,
single_target,S_385_exquisitely_aerodynamic_shoulderpads_UC_OMW,12042,6.65%,
single_target,C_385_ruffled_poet_blouse_TW_OMW,12034,6.58%,
single_target,S_385_amice_of_the_returned_DT_UF,12026,6.51%,
single_target,C_385_petticoat_of_the_self_stylized_azerite_baron_SA_UF,12022,6.47%,
single_target,C_355_inmates_straight_robe_DitB_HMC,12020,6.46%,
single_target,H_370_headdress_of_the_first_empire_RF_EL,12016,6.42%,
single_target,S_370_amice_of_the_rending_abyss_TS_HMC,12011,6.38%,
single_target,C_370_blood_drenched_robes_FT_GR,12006,6.33%,
single_target,C_385_robes_of_the_unraveler_CoI_OP,12006,6.33%,
single_target,C_385_ruffled_poet_blouse_SA_EW,12005,6.32%,
single_target,S_385_mantle_of_contained_corruption_AotT_UF,12001,6.29%,
single_target,C_370_loa_betrayers_vestments_RF_OMW,12001,6.29%,
single_target,C_385_loa_betrayers_vestments_CoI_HMC,11999,6.27%,
single_target,H_370_stormlurkers_cowl_TS_OMW,11997,6.26%,
single_target,H_370_matriarchs_shadowveil_RF_BS,11995,6.24%,
single_target,H_385_stormlurkers_cowl_TH_OP,11989,6.19%,
single_target,H_385_secret_spinners_miter_TH_OP,11989,6.19%,
single_target,S_385_pauldrons_of_vile_corruption_BR_UF,11983,6.13%,
single_target,C_370_petticoat_of_the_self_stylized_azerite_baron_UC_UF,11978,6.09%,
single_target,C_385_ruffled_poet_blouse_SA_OMW,11974,6.05%,
single_target,S_385_amice_of_the_returned_RB_UF,11970,6.01%,
single_target,C_355_inmates_straight_robe_DitB_OMW,11966,5.98%,
single_target,C_370_robes_of_the_unraveler_AotT_OP,11963,5.95%,
single_target,H_370_horrific_amalgams_hood_DT_HMC,11961,5.94%,
single_target,C_385_inmates_straight_robe_WotD_HMC,11959,5.92%,
single_target,S_385_mantle_of_ceremonial_ascension_ItP_EW,11959,5.91%,
single_target,S_370_brood_cleansers_amice_SS_EL,11957,5.90%,
single_target,C_355_robes_of_the_reborn_serpent_TB_BS,11955,5.89%,
single_target,H_370_horrific_amalgams_hood_AotT_HMC,11953,5.86%,
single_target,H_355_grasping_crown_of_the_deep_DitB_BS,11953,5.86%,
single_target,H_355_visage_of_the_ascended_prophet_LM_EW,11945,5.80%,
single_target,C_370_blood_drenched_robes_DT_GR,11944,5.79%,
single_target,H_370_smartly_plumed_cap_MS_AG,11944,5.78%,
single_target,H_370_secret_spinners_miter_ItP_OP,11939,5.74%,
single_target,H_385_visage_of_the_ascended_prophet_TH_EW,11936,5.71%,
single_target,S_370_exquisitely_aerodynamic_shoulderpads_UC_GR,11936,5.71%,
single_target,H_385_headdress_of_the_first_empire_TH_EL,11934,5.70%,
single_target,S_385_mantle_of_contained_corruption_SA_UF,11934,5.70%,
single_target,S_385_pauldrons_of_vile_corruption_SA_UF,11934,5.70%,
single_target,H_385_soulfuel_headdress_CoI_AG,11931,5.67%,
single_target,S_370_mantle_of_void_touched_waters_SotD_HMC,11919,5.57%,
single_target,H_385_stormlurkers_cowl_TH_OMW,11906,5.44%,
single_target,C_385_loa_betrayers_vestments_CoI_OMW,11904,5.43%,
single_target,H_355_stormlurkers_cowl_TS_OP,11902,5.41%,
single_target,S_355_amice_of_corrupting_horror_LM_EL,11900,5.40%,
single_target,H_385_matriarchs_shadowveil_TH_BS,11899,5.39%,
single_target,C_370_ruffled_poet_blouse_TW_EW,11899,5.39%,
single_target,H_355_soulfuel_headdress_BI_AG,11896,5.36%,
single_target,H_370_grasping_crown_of_the_deep_DT_BS,11891,5.32%,
single_target,C_355_raiders_shrouding_thobe_SS_GR,11887,5.28%,
single_target,S_370_exquisitely_aerodynamic_shoulderpads_UC_OMW,11887,5.28%,
single_target,C_355_loa_betrayers_vestments_RF_HMC,11884,5.25%,
single_target,C_370_ruffled_poet_blouse_TW_OMW,11872,5.15%,
single_target,C_385_inmates_straight_robe_WotD_OMW,11870,5.13%,
single_target,S_385_mantle_of_void_touched_waters_WotD_HMC,11869,5.12%,
single_target,S_370_amice_of_the_returned_DT_UF,11867,5.11%,
single_target,C_385_robes_of_the_reborn_serpent_WotD_BS,11864,5.08%,
single_target,S_370_mantle_of_contained_corruption_AotT_UF,11863,5.06%,
single_target,C_370_raiders_shrouding_thobe_SA_GR,11858,5.02%,
single_target,S_355_amice_of_the_rending_abyss_TS_HMC,11857,5.01%,
single_target,S_370_pauldrons_of_vile_corruption_BR_UF,11855,5.00%,
single_target,S_385_mantle_of_ceremonial_ascension_CoI_EW,11852,4.97%,
single_target,C_370_petticoat_of_the_self_stylized_azerite_baron_SA_UF,11843,4.89%,
single_target,C_370_robes_of_the_unraveler_CoI_OP,11838,4.84%,
single_target,C_340_inmates_straight_robe_DitB_HMC,11836,4.83%,
single_target,H_355_headdress_of_the_first_empire_RF_EL,11833,4.80%,
single_target,C_370_ruffled_poet_blouse_SA_EW,11830,4.77%,
single_target,H_355_stormlurkers_cowl_TS_OMW,11827,4.75%,
single_target,C_355_blood_drenched_robes_FT_GR,11827,4.75%,
single_target,C_355_loa_betrayers_vestments_RF_OMW,11826,4.74%,
single_target,S_355_brood_cleansers_amice_SS_EL,11826,4.74%,
single_target,C_370_loa_betrayers_vestments_CoI_HMC,11825,4.73%,
single_target,S_370_mantle_of_ceremonial_ascension_ItP_EW,11825,4.73%,
single_target,H_355_matriarchs_shadowveil_RF_BS,11823,4.72%,
single_target,S_370_amice_of_the_returned_RB_UF,11823,4.71%,
single_target,H_370_secret_spinners_miter_TH_OP,11816,4.65%,
single_target,H_370_stormlurkers_cowl_TH_OP,11816,4.65%,
single_target,S_385_amice_of_corrupting_horror_WotD_EL,11809,4.59%,
single_target,C_355_robes_of_the_unraveler_AotT_OP,11805,4.56%,
single_target,C_370_ruffled_poet_blouse_SA_OMW,11804,4.55%,
single_target,C_355_petticoat_of_the_self_stylized_azerite_baron_UC_UF,11803,4.53%,
single_target,H_355_secret_spinners_miter_ItP_OP,11792,4.44%,
single_target,H_355_smartly_plumed_cap_MS_AG,11791,4.43%,
single_target,S_355_exquisitely_aerodynamic_shoulderpads_UC_GR,11790,4.42%,
single_target,H_355_horrific_amalgams_hood_DT_HMC,11790,4.42%,
single_target,S_370_mantle_of_contained_corruption_SA_UF,11789,4.42%,
single_target,H_355_horrific_amalgams_hood_AotT_HMC,11789,4.41%,
single_target,C_340_inmates_straight_robe_DitB_OMW,11787,4.40%,
single_target,C_340_robes_of_the_reborn_serpent_TB_BS,11785,4.38%,
single_target,S_370_pauldrons_of_vile_corruption_SA_UF,11785,4.38%,
single_target,H_355_azerothian_champions_crown_CoA,11784,4.37%,
single_target,C_370_inmates_straight_robe_WotD_HMC,11781,4.34%,
single_target,H_340_grasping_crown_of_the_deep_DitB_BS,11781,4.34%,
single_target,H_385_smartly_plumed_cap_SD_AG,11774,4.28%,
single_target,S_355_mantle_of_void_touched_waters_SotD_HMC,11773,4.27%,
single_target,C_355_blood_drenched_robes_DT_GR,11771,4.25%,
single_target,H_370_visage_of_the_ascended_prophet_TH_EW,11769,4.24%,
single_target,H_370_soulfuel_headdress_CoI_AG,11768,4.22%,
single_target,H_370_headdress_of_the_first_empire_TH_EL,11754,4.11%,
single_target,C_370_loa_betrayers_vestments_CoI_OMW,11754,4.10%,
single_target,C_355_ruffled_poet_blouse_TW_EW,11754,4.10%,
single_target,S_385_amice_of_the_rending_abyss_SD_HMC,11753,4.10%,
single_target,H_340_soulfuel_headdress_BI_AG,11752,4.09%,
single_target,S_355_exquisitely_aerodynamic_shoulderpads_UC_OMW,11743,4.01%,
single_target,H_370_stormlurkers_cowl_TH_OMW,11741,3.99%,
single_target,H_370_matriarchs_shadowveil_TH_BS,11738,3.96%,
single_target,S_355_pauldrons_of_vile_corruption_BR_UF,11735,3.94%,
single_target,S_355_amice_of_the_returned_DT_UF,11735,3.93%,
single_target,S_385_exquisitely_aerodynamic_shoulderpads_SD_GR,11735,3.93%,
single_target,S_355_mantle_of_contained_corruption_AotT_UF,11734,3.93%,
single_target,H_340_stormlurkers_cowl_TS_OP,11732,3.91%,
single_target,S_370_mantle_of_void_touched_waters_WotD_HMC,11730,3.89%,
single_target,C_355_ruffled_poet_blouse_TW_OMW,11728,3.87%,
single_target,H_355_grasping_crown_of_the_deep_DT_BS,11726,3.86%,
single_target,S_370_mantle_of_ceremonial_ascension_CoI_EW,11726,3.85%,
single_target,H_340_az3_r1_t3_synthetic_specs_RNG_OP,11725,3.85%,
single_target,C_340_loa_betrayers_vestments_RF_HMC,11716,3.77%,
single_target,S_355_mantle_of_ceremonial_ascension_ItP_EW,11714,3.75%,
single_target,S_340_brood_cleansers_amice_SS_EL,11710,3.71%,
single_target,C_370_inmates_straight_robe_WotD_OMW,11708,3.69%,
single_target,C_370_robes_of_the_reborn_serpent_WotD_BS,11708,3.69%,
single_target,C_355_robes_of_the_unraveler_CoI_OP,11699,3.61%,
single_target,C_355_raiders_shrouding_thobe_SA_GR,11696,3.59%,
single_target,S_355_amice_of_the_returned_RB_UF,11695,3.58%,
single_target,C_355_petticoat_of_the_self_stylized_azerite_baron_SA_UF,11692,3.55%,
single_target,S_385_brood_cleansers_amice_SD_EL,11690,3.54%,
single_target,C_355_ruffled_poet_blouse_SA_EW,11682,3.47%,
single_target,C_355_loa_betrayers_vestments_CoI_HMC,11679,3.44%,
single_target,H_340_headdress_of_the_first_empire_RF_EL,11675,3.41%,
single_target,H_355_stormlurkers_cowl_TH_OP,11675,3.41%,
single_target,C_340_loa_betrayers_vestments_RF_OMW,11673,3.38%,
single_target,H_355_secret_spinners_miter_TH_OP,11673,3.38%,
single_target,S_370_amice_of_corrupting_horror_WotD_EL,11672,3.38%,
single_target,H_340_stormlurkers_cowl_TS_OMW,11671,3.37%,
single_target,C_340_blood_drenched_robes_FT_GR,11667,3.33%,
single_target,S_355_mantle_of_contained_corruption_SA_UF,11666,3.32%,
single_target,S_385_exquisitely_aerodynamic_shoulderpads_SD_OMW,11661,3.28%,
single_target,S_355_pauldrons_of_vile_corruption_SA_UF,11661,3.28%,
single_target,S_340_exquisitely_aerodynamic_shoulderpads_UC_GR,11656,3.24%,
single_target,H_340_smartly_plumed_cap_MS_AG,11656,3.24%,
single_target,C_340_petticoat_of_the_self_stylized_azerite_baron_UC_UF,11655,3.22%,
single_target,H_340_az3_r1_t3_synthetic_specs_SSC_OP,11653,3.21%,
single_target,H_340_secret_spinners_miter_ItP_OP,11651,3.19%,
single_target,C_355_ruffled_poet_blouse_SA_OMW,11650,3.18%,
single_target,S_340_mantle_of_void_touched_waters_SotD_HMC,11641,3.10%,
single_target,H_355_azerothian_champions_crown_DT,11638,3.07%,
single_target,C_355_inmates_straight_robe_WotD_HMC,11633,3.03%,
single_target,H_340_az3_r1_t3_synthetic_specs_BoMB_OP,11633,3.03%,
single_target,S_340_pauldrons_of_vile_corruption_BR_UF,11630,3.01%,
single_target,S_370_amice_of_the_rending_abyss_SD_HMC,11627,2.97%,
single_target,H_355_soulfuel_headdress_CoI_AG,11625,2.96%,
single_target,C_340_ruffled_poet_blouse_TW_EW,11625,2.96%,
single_target,H_370_smartly_plumed_cap_SD_AG,11625,2.96%,
single_target,H_355_visage_of_the_ascended_prophet_TH_EW,11624,2.95%,
single_target,C_340_blood_drenched_robes_DT_GR,11621,2.93%,
single_target,S_340_exquisitely_aerodynamic_shoulderpads_UC_OMW,11621,2.92%,
single_target,S_340_amice_of_the_returned_DT_UF,11620,2.92%,
single_target,S_355_mantle_of_ceremonial_ascension_CoI_EW,11619,2.91%,
single_target,C_355_loa_betrayers_vestments_CoI_OMW,11617,2.89%,
single_target,S_340_mantle_of_ceremonial_ascension_ItP_EW,11612,2.84%,
single_target,S_370_exquisitely_aerodynamic_shoulderpads_SD_GR,11611,2.84%,
single_target,H_355_headdress_of_the_first_empire_TH_EL,11605,2.78%,
single_target,S_355_mantle_of_void_touched_waters_WotD_HMC,11604,2.77%,
single_target,H_355_stormlurkers_cowl_TH_OMW,11603,2.77%,
single_target,C_340_ruffled_poet_blouse_TW_OMW,11601,2.75%,
single_target,H_355_matriarchs_shadowveil_TH_BS,11596,2.70%,
single_target,H_340_grasping_crown_of_the_deep_DT_BS,11586,2.61%,
single_target,S_340_amice_of_the_returned_RB_UF,11578,2.54%,
single_target,C_355_robes_of_the_reborn_serpent_WotD_BS,11571,2.48%,
single_target,C_355_inmates_straight_robe_WotD_OMW,11570,2.48%,
single_target,S_370_brood_cleansers_amice_SD_EL,11570,2.47%,
single_target,H_340_az3_r1_t3_synthetic_specs_RIP_OP,11557,2.36%,
single_target,C_340_petticoat_of_the_self_stylized_azerite_baron_SA_UF,11557,2.35%,
single_target,S_355_amice_of_corrupting_horror_WotD_EL,11556,2.35%,
single_target,S_340_pauldrons_of_vile_corruption_SA_UF,11556,2.35%,
single_target,S_370_exquisitely_aerodynamic_shoulderpads_SD_OMW,11554,2.33%,
single_target,C_340_ruffled_poet_blouse_SA_EW,11550,2.30%,
single_target,C_340_loa_betrayers_vestments_CoI_HMC,11544,2.24%,
single_target,H_340_secret_spinners_miter_TH_OP,11540,2.21%,
single_target,H_340_stormlurkers_cowl_TH_OP,11539,2.20%,
single_target,S_340_mantle_of_ceremonial_ascension_CoI_EW,11526,2.08%,
single_target,C_340_ruffled_poet_blouse_SA_OMW,11525,2.07%,
single_target,S_355_amice_of_the_rending_abyss_SD_HMC,11517,2.00%,
single_target,H_340_soulfuel_headdress_CoI_AG,11502,1.87%,
single_target,S_355_exquisitely_aerodynamic_shoulderpads_SD_GR,11501,1.86%,
single_target,C_340_loa_betrayers_vestments_CoI_OMW,11498,1.83%,
single_target,C_340_inmates_straight_robe_WotD_HMC,11496,1.82%,
single_target,S_340_mantle_of_void_touched_waters_WotD_HMC,11493,1.79%,
single_target,H_355_smartly_plumed_cap_SD_AG,11490,1.76%,
single_target,H_340_stormlurkers_cowl_TH_OMW,11478,1.66%,
single_target,H_340_headdress_of_the_first_empire_TH_EL,11478,1.66%,
single_target,S_355_brood_cleansers_amice_SD_EL,11466,1.55%,
single_target,S_355_exquisitely_aerodynamic_shoulderpads_SD_OMW,11458,1.48%,
single_target,C_340_inmates_straight_robe_WotD_OMW,11450,1.41%,
single_target,C_340_robes_of_the_reborn_serpent_WotD_BS,11448,1.39%,
single_target,S_340_exquisitely_aerodynamic_shoulderpads_SD_GR,11404,1.00%,
single_target,S_340_brood_cleansers_amice_SD_EL,11379,0.78%,
single_target,H_340_smartly_plumed_cap_SD_AG,11378,0.78%,
single_target,S_340_exquisitely_aerodynamic_shoulderpads_SD_OMW,11377,0.76%,
single_target,Base,11291,0.00%,
